emacguffog0,Emalia,MacGuffog,emacguffog0@tinypic.com,wuTtnNaFCG
wpeasnone1,Winonah,Peasnone,wpeasnone1@tinyurl.com,U3wHD7
rkildea2,Rosana,Kildea,rkildea2@samsung.com,g3RE9grQBU
sskeech3,Suzette,Skeech,sskeech3@sciencedaily.com,13gPDWtlHCxd
igawler4,Ibbie,Gawler,igawler4@jiathis.com,jKHkNkpA8i2
sonn5,Spence,Onn,sonn5@dailymail.co.uk,ASaiQOVO6VlZ
mmcarte6,Maggi,McArte,mmcarte6@reverbnation.com,WXgbMF
celderbrant7,Celesta,Elderbrant,celderbrant7@homestead.com,gQBb230T
tend8,Terri-jo,End,tend8@comsenz.com,NtuEZJv0pB
fbramhall9,Ferdinande,Bramhall,fbramhall9@si.edu,fs9gWJ
dkmietscha,Diahann,Kmietsch,dkmietscha@archive.org,IkcG5njsc5s
nohickeeb,Norby,O'Hickee,nohickeeb@purevolume.com,CEiUn6b6Y
cballardc,Chet,Ballard,cballardc@patch.com,U9PpeLyZS9
dstrettelld,Dalli,Strettell,dstrettelld@upenn.edu,qo96J5
shaddrelle,Sandy,Haddrell,shaddrelle@comcast.net,bUY4h0XaF
tsemorf,Temp,Semor,tsemorf@canalblog.com,1xSSeG
mchurcherg,Maureen,Churcher,mchurcherg@bandcamp.com,NKxoWOffWrg
emilbyh,Ermentrude,Milby,emilbyh@wikimedia.org,2Cn0wa
wgatcheli,Warren,Gatchel,wgatcheli@foxnews.com,Hj39S0gDQ2yJ
sscollij,Simone,Scolli,sscollij@dropbox.com,3K5Hf235zp
